Fitur,Model,Accuracy,F1-score
BoW,LogisticRegression,0.987012987012987,0.9870319277222533
BIGRAM,LogisticRegression,0.9675324675324676,0.9676240382216056
TFIDF,LogisticRegression,0.8896103896103896,0.8867893217893218
BIGRAM,MultinomialNB,0.8701298701298701,0.8675062311425947
BoW,MultinomialNB,0.8344155844155844,0.8289648915241331
TFIDF,MultinomialNB,0.7792207792207793,0.7587942011905147
